Breed,Age,Weight,Color,Actual,Predicted,Prob_Male
Great Dane,6,20,Spotted,Male,Male,0.6253
Pug,6,6,Blue,Male,Male,0.8053
Chesapeake Bay Retriever,5,10,Blue,Female,Male,0.9678
Lhasa Apso,12,27,Brindle,Male,Male,0.944
Australian Shepherd,5,38,Red,Female,Male,0.5243
Rottweiler,2,33,Black,Male,Female,0.3106
Cavalier King Charles Spaniel,12,59,Spotted,Male,Male,0.5243
Boston Terrier,7,43,Cream,Male,Female,0.1351
Doberman Pinscher,13,29,Black and Tan,Female,Female,0.2474
Whippet,13,24,Bicolor,Male,Male,0.6485
Shih Tzu,5,15,Red,Female,Female,0.0027
Poodle,10,55,Black and Tan,Male,Female,0.04
Australian Shepherd,14,28,Tricolor,Female,Female,0.0137
Australian Shepherd,9,21,Cream,Male,Female,0.4148
Great Dane,10,10,Tan,Male,Male,0.9711
Miniature Schnauzer,6,42,Black,Male,Female,0.3612
Bichon Frise,2,15,White,Female,Female,0.4744
Rottweiler,7,18,Tricolor,Male,Female,0.0195
Maltese,14,20,Red,Male,Male,0.9682
Maltese,10,26,Brown,Male,Female,0.4658
Akita,8,35,Bicolor,Female,Female,0.1521
German Shepherd,1,54,Black and Tan,Male,Female,0.4611
German Shepherd,14,19,Red,Male,Male,0.9684
Siberian Husky,7,28,Black,Male,Female,0.3482
Bloodhound,6,58,White,Female,Female,0.0356
Vizsla,9,48,Red,Female,Female,0.063
Bull Terrier,2,8,Sable,Female,Male,0.7489
Havanese,13,17,Red,Male,Female,0.125
Shiba Inu,7,35,Tan,Male,Female,0.0112
Pekingese,2,39,Merle,Female,Female,0.1303
Airedale Terrier,14,44,Sable,Male,Female,0.4908
Belgian Malinois,3,6,Bicolor,Female,Male,0.9823
Papillon,11,39,Spotted,Female,Female,0.0338
Bulldog,2,5,Merle,Male,Female,0.1238
Irish Setter,1,53,Black,Female,Female,0.1178
Jack Russell Terrier,8,35,Blue,Male,Male,0.8572
Bulldog,3,32,Cream,Male,Male,0.6323
Saint Bernard,13,29,Red,Female,Female,0.1456
French Bulldog,8,28,Bicolor,Female,Male,0.9637
Shiba Inu,2,43,Gray,Male,Male,0.995
Alaskan Malamute,8,9,Red,Male,Female,0.139
Weimaraner,12,31,Sable,Female,Female,0.4038
Alaskan Malamute,8,22,Blue,Male,Female,0.2525
West Highland White Terrier,5,6,Brown,Male,Male,0.9991
Pekingese,2,35,Black and Tan,Male,Female,0.3279
Whippet,4,20,Red,Male,Male,0.9875
Jack Russell Terrier,7,22,Tricolor,Female,Male,0.6703
Rottweiler,3,52,Merle,Male,Female,0.1398
Shetland Sheepdog,4,29,Black and White,Male,Male,0.9734
Vizsla,8,38,Black and Tan,Female,Male,0.921
Bernese Mountain Dog,6,52,Brindle,Male,Female,0.2956
Shiba Inu,10,29,Black and Tan,Male,Male,0.5289
Vizsla,5,41,Black and White,Female,Male,0.9912
Beagle,3,19,Black and Tan,Female,Male,0.9854
French Bulldog,8,44,Sable,Female,Female,0.0886
Dachshund,11,46,Blue,Male,Male,0.9998
Basenji,12,50,Cream,Male,Female,0.253
Cavalier King Charles Spaniel,11,38,Gray,Male,Female,0.1637
Boston Terrier,14,8,Spotted,Male,Male,0.6953
Poodle,2,56,Blue,Male,Male,0.8983
Irish Setter,8,15,Black and White,Male,Female,0.2278
Miniature Schnauzer,11,48,White,Male,Male,0.9179
Havanese,13,44,White,Male,Female,0.0153
Whippet,9,42,Cream,Male,Male,0.7776
Rottweiler,13,22,Gray,Female,Male,0.8866
Papillon,8,5,Brown,Female,Male,0.8594
West Highland White Terrier,8,8,Red,Male,Male,0.9745
Shetland Sheepdog,2,21,Spotted,Female,Female,0.207
Weimaraner,14,40,Cream,Male,Female,0.4187
Bulldog,10,22,Gray,Male,Female,0.1371
Boston Terrier,8,39,Cream,Male,Female,0.0427
Golden Retriever,5,57,Cream,Female,Female,0.3964
Pekingese,2,10,Black,Female,Female,0.0558
Pekingese,6,52,Bicolor,Male,Male,0.9616
Beagle,3,8,Blue,Female,Male,0.9875
Bloodhound,8,56,Tricolor,Female,Male,0.6785
Airedale Terrier,13,43,Cream,Female,Female,0.4081
Chesapeake Bay Retriever,12,27,Cream,Male,Male,0.5258
Chihuahua,7,18,Merle,Male,Male,0.8657
Samoyed,13,48,Bicolor,Male,Female,0.3539
Australian Shepherd,10,49,Merle,Female,Male,0.9975
Bulldog,14,40,Black and Tan,Male,Female,0.0077
Golden Retriever,1,59,Tricolor,Male,Male,0.7413
Golden Retriever,7,24,Blue,Male,Female,0.0024
Bulldog,7,19,Brown,Female,Male,0.7739
Dachshund,3,18,Gray,Male,Female,0.1151
Chihuahua,10,14,Sable,Female,Female,0.1373
Alaskan Malamute,4,31,Merle,Male,Female,0.108
Pekingese,1,52,Merle,Male,Female,0.1782
Border Collie,8,16,Black,Female,Female,0.1156
Pembroke Welsh Corgi,2,39,Black and White,Female,Female,0.3269
Airedale Terrier,7,26,Cream,Male,Female,0.4847
Samoyed,11,29,Bicolor,Male,Female,0.3694
Boxer,4,16,Gray,Female,Female,0.0099
Cocker Spaniel,7,56,White,Female,Male,0.6016
Rottweiler,8,29,Tan,Female,Male,0.6156
Boston Terrier,8,8,Bicolor,Male,Female,0.0426
Basenji,14,16,Bicolor,Female,Male,0.7708
Maltese,4,16,Black and Tan,Male,Male,0.9496
German Shepherd,1,45,Cream,Female,Female,0.376
Beagle,8,25,Tricolor,Female,Female,0.0702
Miniature Schnauzer,10,11,Tricolor,Male,Male,0.9364
Poodle,11,40,Brindle,Female,Female,0.054
Labrador Retriever,5,36,Merle,Male,Female,0.4262
Bernese Mountain Dog,12,54,Tricolor,Female,Female,0.0486
Rottweiler,6,17,Blue,Female,Male,0.9167
Yorkshire Terrier,11,19,Merle,Female,Male,0.5643
Boxer,11,14,Black,Male,Female,0.4455
Saint Bernard,3,41,Tan,Male,Female,0.1383
Lhasa Apso,10,8,Tan,Female,Male,0.9967
Pomeranian,6,48,Black,Female,Female,0.1326
Golden Retriever,2,45,Black and Tan,Male,Male,0.9644
Bernese Mountain Dog,11,12,Blue,Female,Female,0.118
Dachshund,11,41,Tan,Female,Male,0.9287
Pembroke Welsh Corgi,13,51,Bicolor,Male,Male,0.9958
Labrador Retriever,5,31,Blue,Female,Male,0.9142
Siberian Husky,10,32,Brindle,Male,Female,0.1147
Bichon Frise,4,26,Tan,Female,Male,0.74
Belgian Malinois,14,50,Cream,Male,Male,0.828
Pekingese,10,51,Tricolor,Male,Male,0.997
Cavalier King Charles Spaniel,5,46,Blue,Male,Female,0.0037
Poodle,10,55,Blue,Female,Male,0.8986
Samoyed,8,56,Tricolor,Male,Female,0.0006
Poodle,7,35,Gray,Female,Female,0.12
Maltese,2,42,Black,Female,Male,0.8188
Rottweiler,7,9,Sable,Male,Female,0.1214
Poodle,10,13,Merle,Female,Male,0.7747
Alaskan Malamute,14,11,Merle,Female,Female,0.0059
Jack Russell Terrier,11,22,Brown,Male,Male,0.7376
Saint Bernard,1,56,Black and Tan,Female,Female,0.319
French Bulldog,1,51,Tricolor,Female,Female,0.0175
Cavalier King Charles Spaniel,7,30,Cream,Female,Female,0.0064
Weimaraner,11,39,Tricolor,Male,Female,0.2193
Pembroke Welsh Corgi,8,57,Red,Female,Female,0.1415
Cavalier King Charles Spaniel,14,31,White,Male,Male,0.8819
Rottweiler,8,59,Black,Male,Female,0.0169
Doberman Pinscher,5,58,Sable,Male,Male,0.8813
Bichon Frise,1,52,Black,Female,Female,0.3705
Shih Tzu,2,38,Brown,Male,Male,0.6987
Dogo Argentino,9,36,Black and White,Male,Male,0.9983
Bulldog,13,40,Blue,Female,Male,0.6246
German Shepherd,5,52,White,Female,Male,0.9594
Pug,9,49,Red,Female,Male,0.6957
Golden Retriever,3,34,Brown,Female,Female,0.4063
Bull Terrier,10,53,Spotted,Male,Female,0.4808
Whippet,11,41,Brindle,Male,Female,0.2601
Weimaraner,6,14,Brindle,Male,Male,0.7462
Shih Tzu,5,20,Spotted,Male,Female,0.0007
Pekingese,12,45,Spotted,Male,Female,0.3557
Cocker Spaniel,3,59,Cream,Female,Male,0.6577
Rottweiler,10,7,White,Female,Female,0.0692
Bernese Mountain Dog,6,37,Black and White,Male,Male,0.7464
Weimaraner,6,41,Spotted,Female,Male,0.8501
Akita,10,13,Brindle,Male,Male,0.5267
Chesapeake Bay Retriever,3,35,Gray,Female,Male,0.6482
Weimaraner,5,51,Black,Male,Male,0.5676
Boston Terrier,1,58,Blue,Male,Female,0.0801
Chinese Shar-Pei,1,40,Black and White,Male,Male,0.9683
Samoyed,14,32,Black and White,Female,Female,0.3734
Bernese Mountain Dog,8,50,Spotted,Female,Female,0.1741
Pekingese,1,50,Cream,Female,Female,0.0747
French Bulldog,5,28,Merle,Female,Female,0.4152
Pembroke Welsh Corgi,13,23,Brown,Female,Female,0.2392
Pekingese,12,8,Tan,Male,Female,0.036
Papillon,9,10,Red,Male,Female,0.0008
Great Dane,11,21,Gray,Male,Female,0.03
Poodle,12,30,Tricolor,Female,Female,0.1385
Australian Shepherd,11,33,Sable,Male,Male,0.9307
Pug,14,16,Brown,Female,Female,0.1327
Bichon Frise,13,24,Merle,Male,Male,0.7548
Beagle,14,6,Bicolor,Female,Male,0.9981
Airedale Terrier,3,15,Red,Male,Male,0.9565
Jack Russell Terrier,2,57,Spotted,Female,Female,0.0132
Shih Tzu,13,22,Merle,Female,Female,0.2204
Cavalier King Charles Spaniel,1,34,Tan,Male,Male,0.6196
Airedale Terrier,13,34,Tan,Male,Female,0.0057
Bull Terrier,11,30,Brindle,Male,Male,0.7413
Vizsla,7,14,Gray,Female,Male,0.9304
Labrador Retriever,11,38,White,Female,Male,0.606
Lhasa Apso,1,18,Red,Female,Male,0.5273
Jack Russell Terrier,11,50,Merle,Female,Female,0.2056
Rottweiler,13,9,Spotted,Male,Female,0.4071
Poodle,13,8,Blue,Female,Female,0.1525
German Shepherd,12,28,Bicolor,Female,Male,0.998
Rottweiler,5,16,Black,Female,Female,0.2087
Rottweiler,10,38,Red,Female,Female,0.3716
Pekingese,7,16,Brindle,Female,Male,0.5213
Alaskan Malamute,9,40,Gray,Male,Female,0.004
Pug,5,17,Merle,Female,Female,0.3107
Weimaraner,12,26,Spotted,Female,Male,0.8652
Pembroke Welsh Corgi,6,28,Brown,Male,Male,0.5096
Doberman Pinscher,2,51,Black,Female,Female,0.3195
Weimaraner,12,20,Cream,Male,Male,0.7318
Dachshund,9,6,Blue,Male,Male,0.988
Chinese Shar-Pei,12,46,Brown,Male,Male,0.9439
Boxer,1,36,Red,Female,Female,0.375
Alaskan Malamute,1,56,Red,Male,Male,0.5827
Great Dane,10,16,Cream,Male,Female,0.2472
Chesapeake Bay Retriever,12,46,Red,Female,Female,0.0292
Poodle,11,8,Bicolor,Male,Female,0.0107
Boston Terrier,12,47,Black and Tan,Male,Male,0.9999
Beagle,7,19,Black and White,Female,Male,0.9455
Beagle,4,39,Cream,Female,Male,0.5763
Great Dane,1,9,Brown,Female,Male,0.9636
Bichon Frise,5,50,Spotted,Male,Female,0.3503
Vizsla,1,51,Black,Male,Male,0.8747
Pug,11,27,Brown,Female,Female,0.4659
Weimaraner,3,22,Blue,Female,Female,0.0841
Shih Tzu,1,34,Merle,Female,Female,0.0388
Vizsla,6,42,Black and Tan,Female,Male,0.9376
Border Collie,5,45,Tan,Male,Male,0.9774
Chesapeake Bay Retriever,1,33,Brindle,Female,Male,0.5417
Whippet,12,37,Black and White,Female,Female,0.3965
Pug,4,44,White,Female,Male,0.6207
Maltese,12,28,Black,Female,Male,0.7212
Bulldog,12,58,Cream,Female,Female,0.2327
Dachshund,9,47,Brown,Male,Male,0.7382
Bloodhound,14,29,Bicolor,Female,Male,0.8893
Saint Bernard,11,37,Sable,Male,Male,0.6623
Beagle,14,13,Black and Tan,Male,Male,0.9716
Samoyed,8,22,Black,Male,Male,0.8951
Chinese Shar-Pei,6,29,White,Female,Male,0.7065
Whippet,13,59,Bicolor,Female,Female,0.3396
Siberian Husky,5,25,Tan,Female,Female,0.4194
Pomeranian,5,24,Gray,Female,Male,0.9995
Basenji,2,8,Bicolor,Female,Female,0.0692
Dogo Argentino,14,43,Sable,Male,Male,0.7799
Samoyed,8,26,Gray,Female,Female,0.2906
Havanese,11,55,Black,Female,Male,0.7125
Rottweiler,13,20,Brindle,Female,Female,0.3918
Labrador Retriever,6,14,Merle,Male,Female,0.4836
Bernese Mountain Dog,7,44,Brindle,Female,Male,0.7775
Lhasa Apso,1,20,Cream,Male,Female,0.1396
Bull Terrier,14,56,Black and Tan,Female,Female,0.0222
Labrador Retriever,4,46,Black,Male,Female,0.0738
Basenji,2,57,Black,Female,Male,0.9729
Cocker Spaniel,9,25,Black and Tan,Male,Female,0.0041
Shetland Sheepdog,12,14,Sable,Female,Male,0.9927
Samoyed,6,11,White,Female,Female,0.1307
Chinese Shar-Pei,12,44,Cream,Male,Male,0.8142
Golden Retriever,8,32,Black and White,Female,Female,0.0976
Shiba Inu,4,29,Merle,Female,Male,0.9213
Shetland Sheepdog,4,40,Cream,Female,Male,0.8917
French Bulldog,7,10,Bicolor,Male,Male,0.9848
Rottweiler,7,46,Tricolor,Female,Female,0.0378
Alaskan Malamute,4,21,Brindle,Male,Female,0.0905
Samoyed,12,40,Sable,Male,Male,0.9462
Whippet,12,33,Bicolor,Female,Male,0.6363
Golden Retriever,7,58,Gray,Female,Female,0.1739
Dachshund,2,35,Spotted,Male,Female,0.3374
Weimaraner,4,17,Black and Tan,Male,Male,0.6043
Golden Retriever,11,30,Brown,Male,Male,0.8564
Rottweiler,11,31,Black and Tan,Male,Female,0.4726
Shih Tzu,7,7,Black and Tan,Male,Female,0.002
Border Collie,7,57,Cream,Male,Female,0.0073
Miniature Schnauzer,1,17,Red,Female,Male,0.9824
Shetland Sheepdog,9,35,Merle,Female,Male,0.9876
Alaskan Malamute,7,35,Gray,Female,Female,0.0023
Siberian Husky,12,34,White,Female,Female,0.4562
Jack Russell Terrier,11,40,Red,Female,Male,0.994
Miniature Schnauzer,7,26,Gray,Male,Female,0.012
French Bulldog,12,22,Spotted,Male,Female,0.3404
Weimaraner,13,25,Black and White,Female,Male,0.9201
Pekingese,11,5,Tricolor,Female,Male,0.9641
Alaskan Malamute,4,24,Black and Tan,Female,Male,0.7635
Papillon,13,12,Bicolor,Male,Male,0.9969
Chesapeake Bay Retriever,10,24,Black,Male,Male,0.9981
Shetland Sheepdog,1,18,Bicolor,Male,Male,0.9187
Havanese,13,53,Red,Female,Female,0.0211
Boston Terrier,8,59,Black,Male,Female,0.2404
Pomeranian,7,28,Brown,Male,Male,0.9469
Poodle,4,32,Black,Female,Female,0.2188
Schnauzer,11,38,White,Male,Male,0.6723
German Shepherd,2,10,White,Male,Male,0.873
Papillon,5,9,Gray,Female,Female,0.0007
Bloodhound,3,5,Gray,Female,Female,0.4044
Dachshund,9,36,Merle,Female,Male,0.8033
Beagle,4,19,Black and Tan,Male,Male,0.9868
Papillon,7,27,Black and White,Female,Female,0.4196
Bernese Mountain Dog,6,36,Cream,Female,Male,0.9997
West Highland White Terrier,6,21,Spotted,Female,Female,0.0153
Dogo Argentino,2,16,Spotted,Female,Male,0.998
Shih Tzu,7,13,Sable,Female,Female,0.0499
Schnauzer,11,42,Sable,Female,Male,0.9757
Chinese Shar-Pei,12,42,Bicolor,Male,Female,0.2354
Papillon,2,30,Blue,Male,Female,0.2743
Chesapeake Bay Retriever,13,19,Bicolor,Female,Male,0.9609
Boxer,10,5,Red,Female,Male,0.6336
Belgian Malinois,2,11,Black,Female,Male,0.9904
Miniature Schnauzer,5,30,Brown,Male,Male,0.6918
Alaskan Malamute,4,19,Tricolor,Female,Female,0.1319
Dachshund,6,47,White,Male,Female,0.0637
Samoyed,4,29,Gray,Male,Male,0.6991
Shiba Inu,6,44,Merle,Female,Male,0.6194
Belgian Malinois,7,37,Spotted,Male,Female,0.456
Bloodhound,12,14,Spotted,Male,Female,0.1247
Bull Terrier,8,45,Gray,Female,Male,0.8289
Pug,8,36,Black and Tan,Male,Male,0.9069
Shetland Sheepdog,4,59,Bicolor,Male,Female,0.1166
Havanese,1,40,Blue,Male,Female,0.1471
Dachshund,11,55,Brown,Female,Female,0.3762
Pekingese,6,17,Cream,Male,Female,0.0008
Bernese Mountain Dog,12,18,Gray,Male,Male,0.9983
French Bulldog,1,38,Gray,Female,Female,0.2002
Shih Tzu,12,36,Black and White,Male,Male,0.7654
French Bulldog,13,27,Sable,Male,Male,0.8857
Alaskan Malamute,12,47,Bicolor,Male,Female,0.0039
Lhasa Apso,3,14,Spotted,Male,Female,0.0613
French Bulldog,9,38,Brindle,Female,Female,0.0303
Lhasa Apso,12,56,Gray,Female,Male,0.9179
Dogo Argentino,8,44,Gray,Female,Male,0.9923
Samoyed,14,26,Bicolor,Female,Female,0.497
Yorkshire Terrier,7,8,Sable,Male,Male,0.5667
Alaskan Malamute,1,22,Merle,Female,Female,0.0408
Golden Retriever,4,37,White,Male,Female,0.0291
Miniature Schnauzer,11,49,Red,Female,Male,0.9963
Bulldog,10,44,Brindle,Male,Male,0.6032
Cavalier King Charles Spaniel,14,48,Blue,Female,Female,0.0527
Poodle,1,51,Tricolor,Male,Female,0.3258
Basenji,7,48,Brindle,Female,Male,0.9035
Pembroke Welsh Corgi,7,28,Black,Male,Female,0.0039
Havanese,6,47,Blue,Female,Female,0.0076
French Bulldog,13,23,White,Male,Male,0.9437
Dachshund,5,27,White,Male,Female,0.0048
Rottweiler,10,24,Red,Female,Female,0.3169
Shiba Inu,11,53,Brindle,Female,Male,0.8411
Basenji,12,34,Brown,Female,Female,0.3629
Jack Russell Terrier,3,34,Blue,Male,Male,0.9283
Shetland Sheepdog,5,49,Tan,Male,Male,0.9424
Doberman Pinscher,5,6,Gray,Female,Female,0.0583
Pembroke Welsh Corgi,7,11,Blue,Female,Female,0.4283
Jack Russell Terrier,4,56,Brindle,Male,Female,0.2014
Beagle,11,18,Tricolor,Male,Male,0.7525
Belgian Malinois,11,44,Spotted,Female,Female,0.4573
Rottweiler,9,43,Merle,Male,Male,0.7605
Border Collie,8,24,White,Male,Female,0.0037
Bernese Mountain Dog,14,20,Tricolor,Female,Female,0.0458
Dogo Argentino,2,43,Merle,Female,Male,0.5666
Cocker Spaniel,6,54,Red,Male,Female,0.2171
Havanese,5,47,Tricolor,Female,Female,0.0079
Miniature Schnauzer,12,15,Gray,Male,Female,0.4211
Pembroke Welsh Corgi,2,48,Black and Tan,Female,Male,0.6652
Maltese,14,14,Blue,Female,Male,0.661
Pug,13,58,Tan,Female,Female,0.0435
Bloodhound,3,50,Sable,Female,Female,0.2542
Bichon Frise,3,25,Blue,Male,Female,0.0142
Whippet,9,42,Black,Female,Female,0.0195
West Highland White Terrier,10,59,Spotted,Female,Female,0.015
Bloodhound,5,39,Merle,Male,Male,0.9879
Siberian Husky,3,10,Tricolor,Female,Female,0.1668
Pembroke Welsh Corgi,14,55,Black and White,Female,Male,0.5984
Cavalier King Charles Spaniel,5,17,Merle,Male,Female,0.3798
Boston Terrier,5,44,Red,Male,Female,0.1025
Airedale Terrier,12,54,Tricolor,Male,Male,0.6693
Pug,12,31,Gray,Female,Male,0.7865
Vizsla,13,55,Black and White,Male,Male,0.9771
Pekingese,5,12,Tricolor,Female,Male,0.9292
Border Collie,5,54,Black and White,Female,Male,0.8869
Pomeranian,4,9,Brindle,Male,Male,0.9992
Rottweiler,6,52,Tan,Female,Female,0.2064
West Highland White Terrier,9,46,Spotted,Female,Female,0.0218
Boston Terrier,1,45,Black and Tan,Female,Male,0.9999
Beagle,7,22,Blue,Male,Male,0.9622
Bernese Mountain Dog,5,21,Tricolor,Male,Female,0.0785
Labrador Retriever,1,26,Black,Female,Female,0.0005
Shetland Sheepdog,8,42,Black,Male,Female,0.4151
Schnauzer,7,50,Sable,Female,Male,0.9209
Pomeranian,9,10,Merle,Male,Male,0.9997
Cocker Spaniel,10,21,Brindle,Male,Male,0.9973
Boston Terrier,3,31,Black and White,Male,Male,0.9813
Yorkshire Terrier,12,16,Tricolor,Female,Female,0.013
Basenji,2,33,Blue,Male,Male,0.996
Cavalier King Charles Spaniel,9,11,Brindle,Male,Female,0.0275
Pekingese,10,49,Sable,Female,Female,0.2244
Bull Terrier,3,8,Brown,Male,Female,0.039
Bloodhound,10,45,White,Female,Female,0.136
Rottweiler,2,10,Tan,Female,Female,0.363
Poodle,6,55,Sable,Male,Female,0.0337
Dogo Argentino,12,41,Brown,Female,Male,0.9164
Boxer,10,17,Black,Male,Female,0.4873
Lhasa Apso,8,15,Black and Tan,Male,Male,0.6061
Airedale Terrier,9,39,Brown,Female,Male,0.9582
Bulldog,5,57,Red,Female,Female,0.1857
Vizsla,3,23,Sable,Male,Male,0.8703
French Bulldog,4,8,Sable,Male,Male,0.8067
Weimaraner,7,37,Brown,Male,Male,0.9982
Boston Terrier,8,53,Black,Male,Female,0.4415
Airedale Terrier,13,36,Brindle,Female,Female,0.1879
Bull Terrier,11,30,Red,Female,Female,0.2709
Akita,8,11,Cream,Female,Female,0.0143
Rottweiler,4,41,Brindle,Female,Female,0.2702
German Shepherd,1,22,Tricolor,Female,Female,0.085
Doberman Pinscher,10,59,Black,Female,Female,0.021
Schnauzer,4,52,Blue,Male,Male,0.9917
Pekingese,2,35,Merle,Female,Female,0.0888
Pembroke Welsh Corgi,8,18,Brindle,Female,Male,0.6387
Cocker Spaniel,2,54,Spotted,Male,Male,0.9386
French Bulldog,7,55,Black and Tan,Male,Female,0.3071
Irish Setter,2,28,Merle,Female,Male,0.6224
Rottweiler,5,14,Spotted,Male,Female,0.3311
Samoyed,12,18,Spotted,Male,Male,0.9725
Border Collie,14,50,Tan,Female,Male,0.6732
Papillon,7,55,Black and White,Female,Male,0.7791
Bull Terrier,6,28,Sable,Female,Female,0.3305
Cocker Spaniel,3,7,Gray,Male,Male,0.5907
Jack Russell Terrier,8,9,Cream,Female,Female,0.2668
Yorkshire Terrier,11,27,Blue,Male,Male,0.6304
Bull Terrier,11,50,Tan,Male,Female,0.0349
Weimaraner,3,12,Sable,Female,Female,0.2439
Pekingese,6,31,Blue,Female,Female,0.1544
Lhasa Apso,14,45,Gray,Female,Male,0.672
Great Dane,3,52,Tan,Female,Male,0.9762
Irish Setter,12,54,Tricolor,Female,Female,0.0017
Cocker Spaniel,2,14,Black and Tan,Female,Female,0.0119
German Shepherd,6,13,Bicolor,Female,Male,0.9388
Rottweiler,7,48,Sable,Female,Female,0.1289
Yorkshire Terrier,2,20,Sable,Male,Male,0.9876
Beagle,3,59,Red,Male,Female,0.1082
Weimaraner,1,44,Merle,Male,Female,0.0112
Airedale Terrier,14,40,Brown,Male,Female,0.3256
Shiba Inu,14,28,Blue,Male,Male,0.5638
Doberman Pinscher,12,16,Red,Male,Male,0.837
Shiba Inu,10,37,Gray,Female,Male,0.9829
Havanese,6,35,Black,Male,Male,0.7681
Rottweiler,7,37,Bicolor,Female,Female,0.3783
Cocker Spaniel,7,13,Tricolor,Male,Female,0.0041
Airedale Terrier,13,47,Tricolor,Female,Male,0.7301
German Shepherd,3,41,Spotted,Female,Female,0.1605
Cavalier King Charles Spaniel,10,58,Spotted,Female,Female,0.3917
Yorkshire Terrier,2,33,Black and White,Male,Male,0.9867
Belgian Malinois,11,34,Black and White,Male,Female,0.39
Siberian Husky,10,45,Bicolor,Male,Male,0.7661
Golden Retriever,14,13,Tricolor,Male,Male,0.8145
Bull Terrier,7,34,Black and Tan,Male,Female,0.0541
Pekingese,12,32,Merle,Male,Female,0.4399
Havanese,6,31,Brindle,Female,Male,0.8895
Airedale Terrier,3,14,Cream,Male,Female,0.0597
French Bulldog,8,26,Blue,Male,Female,0.4244
Havanese,3,41,Black and Tan,Male,Female,0.3232
Bulldog,5,35,Black and White,Male,Male,0.6349
Cavalier King Charles Spaniel,13,51,White,Male,Male,0.9183
Havanese,4,48,Red,Male,Female,0.0755
Poodle,7,12,Red,Female,Male,0.9933
Poodle,10,57,Tricolor,Male,Female,0.0289
Samoyed,8,52,Black and White,Female,Male,0.6759
Weimaraner,2,43,Black and White,Male,Male,0.753
Bloodhound,5,14,Brindle,Female,Female,0.0509
Havanese,8,18,Brindle,Female,Male,0.8832
Border Collie,12,41,Blue,Female,Male,0.9081
Rottweiler,5,58,Merle,Female,Female,0.1001
Pug,4,22,Spotted,Male,Male,0.8536
Yorkshire Terrier,1,24,Gray,Male,Male,0.9366
Dachshund,13,19,Black and Tan,Female,Female,1e-04
Dogo Argentino,10,37,Brown,Male,Male,0.9944
Lhasa Apso,2,33,Tan,Male,Male,0.9921
Vizsla,11,30,Blue,Female,Female,0.2404
Vizsla,12,39,Gray,Male,Male,0.6893
Bichon Frise,1,25,Blue,Male,Female,0.0182
Labrador Retriever,7,56,Brindle,Male,Male,0.8675
Yorkshire Terrier,5,9,Black,Female,Female,0.4468
Saint Bernard,4,37,Merle,Female,Male,0.8425
Bichon Frise,6,14,White,Male,Female,0.3809
Belgian Malinois,9,41,White,Male,Male,0.9576
Great Dane,3,56,Black and White,Male,Male,0.9623
Chesapeake Bay Retriever,14,59,White,Male,Female,0.3556
Bernese Mountain Dog,10,40,Spotted,Male,Female,0.1885
French Bulldog,11,6,Black and White,Male,Male,0.8312
Airedale Terrier,10,46,Brown,Female,Male,0.9035
Lhasa Apso,9,37,Blue,Male,Male,0.5951
Rottweiler,10,39,Gray,Male,Male,0.94
Pug,2,10,Brown,Male,Female,0.1222
Boxer,12,12,Tricolor,Female,Male,0.8553
French Bulldog,1,35,Black and White,Female,Male,0.9093
Vizsla,8,18,Bicolor,Female,Female,0.2833
West Highland White Terrier,14,33,Bicolor,Male,Female,0.1351
Great Dane,9,11,Gray,Female,Female,0.037
West Highland White Terrier,2,59,Brown,Male,Male,0.948
French Bulldog,10,9,Spotted,Female,Female,0.3524
Labrador Retriever,7,12,Gray,Female,Female,0.0401
Poodle,7,26,Brown,Female,Female,0.1567
Schnauzer,7,35,Merle,Male,Male,0.9376
Irish Setter,14,40,Sable,Female,Female,0.0234
Irish Setter,3,17,Brown,Male,Male,0.8018
Pomeranian,12,46,Gray,Male,Male,0.9935
Jack Russell Terrier,8,37,Sable,Female,Male,0.9779
Papillon,11,36,Brown,Female,Male,0.9506
Belgian Malinois,12,32,Merle,Female,Male,0.9962
Pug,9,5,Tan,Male,Male,0.6339
Weimaraner,1,26,Black and White,Male,Female,0.2427
Havanese,5,6,Brindle,Male,Male,0.9514
Poodle,7,26,Blue,Male,Male,0.9911
Yorkshire Terrier,12,10,Sable,Female,Female,0.3576
Rottweiler,14,7,Brindle,Male,Female,0.2234
Boxer,5,38,Black and Tan,Male,Male,0.9915
Pekingese,2,33,Merle,Male,Female,0.0764
Pug,11,18,Brown,Female,Female,0.4679
Dogo Argentino,7,57,Spotted,Male,Male,0.9609
West Highland White Terrier,1,14,Bicolor,Male,Male,0.958
Pembroke Welsh Corgi,1,17,Spotted,Female,Female,0.0654
Labrador Retriever,9,57,Bicolor,Male,Female,0.493
Shih Tzu,10,23,Merle,Female,Male,0.5558
Cocker Spaniel,11,48,Red,Male,Female,0.3047
Basenji,14,15,Cream,Male,Female,0.0718
Bloodhound,11,37,Red,Female,Female,0.0706
Boxer,7,46,White,Female,Male,0.7542
Basenji,6,54,Black and White,Female,Male,0.8044
Bull Terrier,5,58,Red,Female,Female,0.2553
Boxer,11,14,Tan,Female,Male,0.8713
Airedale Terrier,13,30,Merle,Female,Female,0.2895
Beagle,1,25,Brown,Male,Male,0.6891
Shetland Sheepdog,10,34,Merle,Female,Male,0.9876
German Shepherd,13,40,Tan,Female,Female,0.2883
West Highland White Terrier,1,9,Merle,Female,Female,0.4858
Akita,5,21,Black and White,Female,Female,0.0615
Maltese,12,43,Blue,Female,Male,0.9364
Australian Shepherd,13,50,Brindle,Male,Male,0.7436
Poodle,11,38,Black and White,Female,Female,0.1154
French Bulldog,12,43,Gray,Female,Male,0.8447
Border Collie,10,29,Spotted,Female,Female,0.2688
Saint Bernard,12,53,Black,Male,Male,0.8731
Pug,14,52,Sable,Male,Female,0.3323
Boston Terrier,6,17,Cream,Male,Female,0.0164
Boston Terrier,4,52,Cream,Male,Female,0.4822
Pekingese,3,9,Bicolor,Male,Male,0.8698
Saint Bernard,2,56,Merle,Female,Female,0.1642
Airedale Terrier,5,18,Black and White,Male,Female,0.0078
Rottweiler,13,51,Brown,Female,Female,0.3841
Belgian Malinois,9,27,Blue,Male,Female,0.3749
French Bulldog,8,17,Cream,Female,Female,0.2757
Saint Bernard,11,6,White,Female,Female,0.0391
Bulldog,14,50,Merle,Female,Female,0.0587
Havanese,3,29,Spotted,Female,Female,0.3043
Bichon Frise,6,30,White,Female,Male,0.6297
Maltese,7,20,Sable,Female,Male,0.7029
Australian Shepherd,6,59,Black,Female,Male,0.5552
Saint Bernard,5,13,Cream,Male,Female,0.0
Shetland Sheepdog,6,11,Black,Female,Male,0.9295
Dogo Argentino,3,49,Red,Female,Male,0.5187
Australian Shepherd,4,10,Black,Female,Female,0.0788
Shih Tzu,12,50,Black and White,Female,Male,0.8609
Basenji,3,45,Black and Tan,Male,Male,0.6144
Pembroke Welsh Corgi,12,52,Brown,Male,Female,0.4778
French Bulldog,9,6,Black and Tan,Male,Male,0.5088
Cavalier King Charles Spaniel,2,17,Black,Female,Male,0.7506
Papillon,13,36,Brown,Female,Male,0.9214
Chinese Shar-Pei,7,25,Black and White,Female,Male,0.6306
Irish Setter,13,26,White,Male,Female,0.0183
Alaskan Malamute,5,31,Gray,Female,Female,0.0045
Cocker Spaniel,7,40,Black and Tan,Female,Female,0.012
Beagle,5,34,Tan,Female,Male,0.6867
Irish Setter,6,58,Black and White,Male,Female,0.0173
Shih Tzu,12,28,Black and White,Male,Male,0.705
Chihuahua,7,31,Black,Female,Male,0.615
Boxer,14,32,Gray,Female,Female,0.438
Bloodhound,14,10,Blue,Male,Female,0.1405
Akita,2,14,Black,Male,Female,0.0401
Dogo Argentino,11,42,Black,Male,Female,0.4952
Beagle,6,14,Brown,Female,Male,0.9757
Shih Tzu,2,59,Cream,Female,Male,0.6751
Belgian Malinois,10,37,Spotted,Female,Female,0.4167
Cavalier King Charles Spaniel,8,23,Tan,Male,Female,0.0347
Jack Russell Terrier,4,32,Tan,Female,Female,0.0255
Pekingese,11,25,Brindle,Female,Female,0.0322
Saint Bernard,3,47,Tan,Female,Female,0.15
Pug,7,25,Merle,Female,Female,0.1187
Samoyed,8,13,Black and Tan,Female,Female,0.2628
Great Dane,12,46,Brown,Male,Male,0.8821
Pomeranian,10,36,Red,Male,Male,0.9834
Yorkshire Terrier,9,52,Tricolor,Female,Female,0.013
Boxer,8,7,Red,Female,Female,0.1377
Shetland Sheepdog,13,27,White,Female,Female,0.1946
Havanese,11,56,Brown,Female,Female,0.4867
Shih Tzu,3,19,Merle,Male,Female,0.0062
Great Dane,6,12,Brindle,Male,Male,0.817
Bichon Frise,14,11,Brindle,Male,Male,0.7547
Irish Setter,13,52,Tricolor,Female,Female,0.0018
Saint Bernard,2,32,Brindle,Female,Female,0.1506
Chinese Shar-Pei,11,48,Sable,Male,Female,0.3279
Bichon Frise,6,36,Brown,Male,Male,0.9943
Miniature Schnauzer,12,41,Gray,Female,Female,0.3238
Siberian Husky,9,53,Black and White,Male,Male,0.9065
Shiba Inu,9,53,Spotted,Female,Female,0.0253
Lhasa Apso,12,7,Black and Tan,Female,Female,0.2442
Cocker Spaniel,7,21,Brown,Female,Female,0.4163
Papillon,3,58,Cream,Male,Female,0.1625
Chinese Shar-Pei,10,41,White,Male,Male,0.6397
Maltese,9,43,Merle,Male,Female,0.3663
Pembroke Welsh Corgi,3,55,Brown,Female,Female,0.1047
Saint Bernard,10,19,White,Male,Female,0.0676
Pug,10,42,Black,Male,Female,0.006
Chinese Shar-Pei,8,50,Black and Tan,Male,Male,0.9336
German Shepherd,3,40,Black and White,Female,Male,0.8541
Bulldog,7,12,Black and Tan,Female,Female,0.0676
Siberian Husky,7,22,Gray,Female,Female,0.0695
Jack Russell Terrier,4,21,Black and White,Male,Female,0.3734
Bloodhound,13,8,Black and White,Male,Female,0.013
Siberian Husky,2,24,Tan,Female,Female,0.205
Shiba Inu,5,43,Merle,Male,Male,0.6771
Pembroke Welsh Corgi,4,14,White,Male,Female,0.1199
Labrador Retriever,6,42,Sable,Male,Female,0.3453
